Trans_ID,Date,Time,Account,Amount,User,Note
TXN-1001,06/01/2026,09:00:00,Revenue,2756.04,ADMIN_01,System_Entry
TXN-1002,10/01/2026,16:00:00,Cash,1382.53,USER_02,System_Entry
TXN-1003,01/01/2026,12:00:00,Inventory,764.01,USER_03,System_Entry
TXN-1004,28/01/2026,13:00:00,Revenue,3686.64,USER_03,System_Entry
TXN-1005,10/01/2026,08:00:00,Inventory,1804.44,USER_03,System_Entry
TXN-1006,16/01/2026,11:00:00,Revenue,4340.28,ADMIN_01,System_Entry
TXN-1007,14/01/2026,12:00:00,Payroll,4333.25,USER_02,System_Entry
TXN-1008,19/01/2026,10:00:00,Revenue,3130.95,USER_02,System_Entry
TXN-1009,02/01/2026,16:00:00,Revenue,1530.87,USER_03,System_Entry
TXN-1010,24/01/2026,09:00:00,Inventory,1384.64,USER_03,System_Entry
TXN-1011,01/01/2026,08:00:00,Payroll,1043.97,USER_03,System_Entry
TXN-1012,11/01/2026,15:00:00,Revenue,758.91,USER_03,System_Entry
TXN-1013,15/01/2026,15:00:00,Payroll,221.21,ADMIN_01,System_Entry
TXN-1014,08/01/2026,10:00:00,Payroll,3775.01,USER_02,System_Entry
TXN-1015,20/01/2026,12:00:00,Payroll,1216.21,USER_02,System_Entry
TXN-1016,23/01/2026,12:00:00,Cash,4372.57,USER_03,System_Entry
TXN-1017,22/01/2026,13:00:00,Payroll,3310.09,USER_02,System_Entry
TXN-1018,04/01/2026,14:00:00,Revenue,1085.23,ADMIN_01,System_Entry
TXN-1019,21/01/2026,08:00:00,Revenue,4978.91,USER_03,System_Entry
TXN-1020,23/01/2026,12:00:00,Cash,2234.72,ADMIN_01,System_Entry
TXN-1021,11/01/2026,14:00:00,Cash,2223.66,ADMIN_01,System_Entry
TXN-1022,08/01/2026,14:00:00,Revenue,4442.63,USER_02,System_Entry
TXN-1023,26/01/2026,08:00:00,Cash,2727.56,ADMIN_01,System_Entry
TXN-1024,04/01/2026,08:00:00,Inventory,3737.67,USER_02,System_Entry
TXN-1025,19/01/2026,14:00:00,Payroll,2398.71,USER_03,System_Entry
TXN-1026,14/01/2026,12:00:00,Revenue,1121.5,ADMIN_01,System_Entry
TXN-1027,02/01/2026,15:00:00,Payroll,4901.4,USER_02,System_Entry
TXN-1028,12/01/2026,12:00:00,Inventory,204.6,USER_02,System_Entry
TXN-1029,26/01/2026,15:00:00,Payroll,4283.33,USER_02,System_Entry
TXN-1030,15/01/2026,11:00:00,Revenue,1567.49,USER_02,System_Entry
TXN-1031,27/01/2026,09:00:00,Inventory,2136.6,ADMIN_01,System_Entry
TXN-1032,23/01/2026,16:00:00,Payroll,1098.33,USER_02,System_Entry
TXN-1033,05/01/2026,09:00:00,Cash,3702.96,USER_03,System_Entry
TXN-1034,08/01/2026,11:00:00,Payroll,360.8,USER_02,System_Entry
TXN-1035,15/01/2026,13:00:00,Cash,4331.03,USER_03,System_Entry
TXN-1036,04/01/2026,08:00:00,Revenue,4906.6,ADMIN_01,System_Entry
TXN-1037,18/01/2026,14:00:00,Cash,4955.61,ADMIN_01,System_Entry
TXN-1038,11/01/2026,11:00:00,Inventory,466.37,ADMIN_01,System_Entry
TXN-1039,23/01/2026,08:00:00,Revenue,4372.3,USER_03,System_Entry
TXN-1040,14/01/2026,13:00:00,Revenue,1902.89,USER_03,System_Entry
TXN-1041,27/01/2026,09:00:00,Payroll,2421.26,ADMIN_01,System_Entry
TXN-1042,15/01/2026,10:00:00,Inventory,505.88,USER_02,System_Entry
TXN-1043,02/01/2026,14:00:00,Cash,2356.81,USER_03,System_Entry
TXN-1044,09/01/2026,12:00:00,Revenue,2663.82,ADMIN_01,System_Entry
TXN-1045,12/01/2026,08:00:00,Cash,2996.85,USER_03,System_Entry
TXN-1046,03/01/2026,14:00:00,Cash,4592.48,USER_03,System_Entry
TXN-1047,13/01/2026,09:00:00,Cash,1134.22,USER_03,System_Entry
TXN-1048,15/01/2026,16:00:00,Payroll,2855.12,USER_03,System_Entry
TXN-1049,21/01/2026,10:00:00,Payroll,413.97,ADMIN_01,System_Entry
TXN-1050,14/01/2026,14:00:00,Inventory,2903.83,USER_02,System_Entry
TXN-1051,19/01/2026,12:00:00,Cash,360.41,USER_03,System_Entry
TXN-1052,20/01/2026,08:00:00,Inventory,2561.66,USER_02,System_Entry
TXN-1053,28/01/2026,13:00:00,Revenue,1146.82,ADMIN_01,System_Entry
TXN-1054,18/01/2026,13:00:00,Cash,2387.4,ADMIN_01,System_Entry
TXN-1055,14/01/2026,14:00:00,Inventory,2288.37,ADMIN_01,System_Entry
TXN-1056,11/01/2026,11:00:00,Inventory,4976.37,USER_03,System_Entry
TXN-1057,13/01/2026,09:00:00,Inventory,4089.86,USER_03,System_Entry
TXN-1058,14/01/2026,11:00:00,Cash,2901.34,USER_03,System_Entry
TXN-1059,22/01/2026,10:00:00,Cash,128.2,USER_02,System_Entry
TXN-1060,06/01/2026,11:00:00,Cash,2942.1,ADMIN_01,System_Entry
TXN-1061,27/01/2026,12:00:00,Inventory,4329.05,USER_03,System_Entry
TXN-1062,28/01/2026,08:00:00,Revenue,2116.61,USER_02,System_Entry
TXN-1063,12/01/2026,16:00:00,Payroll,1443.76,ADMIN_01,System_Entry
TXN-1064,26/01/2026,10:00:00,Revenue,4142.14,USER_03,System_Entry
TXN-1065,20/01/2026,14:00:00,Cash,2666.11,ADMIN_01,System_Entry
TXN-1066,08/01/2026,12:00:00,Cash,3084.75,USER_02,System_Entry
TXN-1067,13/01/2026,16:00:00,Payroll,206.84,USER_02,System_Entry
TXN-1068,20/01/2026,11:00:00,Revenue,2458.44,USER_02,System_Entry
TXN-1069,25/01/2026,10:00:00,Payroll,4685.36,USER_03,System_Entry
TXN-1070,05/01/2026,10:00:00,Revenue,650.86,USER_03,System_Entry
TXN-1071,23/01/2026,10:00:00,Payroll,407.34,ADMIN_01,System_Entry
TXN-1072,07/01/2026,14:00:00,Cash,4724.19,USER_03,System_Entry
TXN-1073,03/01/2026,10:00:00,Inventory,1541.54,ADMIN_01,System_Entry
TXN-1074,13/01/2026,09:00:00,Inventory,3770,USER_02,System_Entry
TXN-1075,13/01/2026,11:00:00,Cash,3518.82,USER_02,System_Entry
TXN-1076,02/01/2026,13:00:00,Revenue,2066.57,USER_03,System_Entry
TXN-1077,14/01/2026,15:00:00,Payroll,2801.76,ADMIN_01,System_Entry
TXN-1078,28/01/2026,14:00:00,Revenue,608.79,USER_03,System_Entry
TXN-1079,12/01/2026,11:00:00,Revenue,1993.47,USER_02,System_Entry
TXN-1080,02/01/2026,16:00:00,Revenue,3070.43,ADMIN_01,System_Entry
TXN-1081,15/01/2026,16:00:00,Payroll,1011.57,ADMIN_01,System_Entry
TXN-1082,16/01/2026,10:00:00,Inventory,4327.87,USER_03,System_Entry
TXN-1083,18/01/2026,14:00:00,Cash,533.31,USER_03,System_Entry
TXN-1084,07/01/2026,09:00:00,Revenue,666.54,USER_02,System_Entry
TXN-1085,20/01/2026,10:00:00,Payroll,666.19,USER_02,System_Entry
TXN-1086,14/01/2026,10:00:00,Inventory,994.56,ADMIN_01,System_Entry
TXN-1087,26/01/2026,15:00:00,Payroll,951.92,USER_02,System_Entry
TXN-1088,11/01/2026,10:00:00,Payroll,3679.87,USER_03,System_Entry
TXN-1089,14/01/2026,11:00:00,Payroll,3474.02,USER_03,System_Entry
TXN-1090,11/01/2026,13:00:00,Revenue,2664.67,USER_03,System_Entry
TXN-1091,20/01/2026,08:00:00,Inventory,4702.12,ADMIN_01,System_Entry
TXN-1092,24/01/2026,10:00:00,Payroll,260.76,USER_03,System_Entry
TXN-1093,18/01/2026,10:00:00,Cash,4100.85,ADMIN_01,System_Entry
TXN-1094,17/01/2026,09:00:00,Cash,2758.94,USER_03,System_Entry
TXN-1095,14/01/2026,16:00:00,Cash,3550.96,ADMIN_01,System_Entry
TXN-1096,26/01/2026,14:00:00,Cash,140.75,ADMIN_01,System_Entry
TXN-1097,15/01/2026,13:00:00,Inventory,793.39,USER_03,System_Entry
TXN-1098,16/01/2026,12:00:00,Payroll,2926.11,ADMIN_01,System_Entry
TXN-1099,24/01/2026,12:00:00,Cash,225.04,USER_03,System_Entry
TXN-1100,03/01/2026,08:00:00,Cash,1990.74,USER_03,System_Entry
TXN-1101,03/01/2026,11:00:00,Inventory,1372.1,ADMIN_01,System_Entry
TXN-1102,24/01/2026,13:00:00,Inventory,3295.79,USER_02,System_Entry
TXN-1103,09/01/2026,14:00:00,Payroll,1865.55,USER_02,System_Entry
TXN-1104,13/01/2026,11:00:00,Inventory,1396.68,ADMIN_01,System_Entry
TXN-1105,16/01/2026,13:00:00,Payroll,3311.11,USER_03,System_Entry
TXN-1106,06/01/2026,15:00:00,Inventory,1437.14,USER_02,System_Entry
TXN-1107,11/01/2026,16:00:00,Cash,3502.98,USER_02,System_Entry
TXN-1108,26/01/2026,14:00:00,Payroll,4275.87,ADMIN_01,System_Entry
TXN-1109,04/01/2026,11:00:00,Revenue,3712.76,USER_02,System_Entry
TXN-1110,12/01/2026,16:00:00,Payroll,2614.11,ADMIN_01,System_Entry
TXN-1111,19/01/2026,16:00:00,Inventory,182.76,USER_03,System_Entry
TXN-1112,26/01/2026,10:00:00,Revenue,4023.01,USER_03,System_Entry
TXN-1113,04/01/2026,10:00:00,Payroll,2401.63,USER_03,System_Entry
TXN-1114,08/01/2026,12:00:00,Cash,2719.01,USER_02,System_Entry
TXN-1115,27/01/2026,08:00:00,Cash,1510.99,USER_02,System_Entry
TXN-1116,05/01/2026,14:00:00,Cash,4043.52,USER_03,System_Entry
TXN-1117,27/01/2026,11:00:00,Inventory,305.59,USER_03,System_Entry
TXN-1118,14/01/2026,09:00:00,Payroll,4823.46,USER_02,System_Entry
TXN-1119,11/01/2026,10:00:00,Payroll,3688.18,ADMIN_01,System_Entry
TXN-1120,04/01/2026,08:00:00,Cash,2136.88,USER_02,System_Entry
TXN-1121,22/01/2026,11:00:00,Inventory,3528.87,USER_03,System_Entry
TXN-1122,01/01/2026,09:00:00,Revenue,2292.23,USER_03,System_Entry
TXN-1123,02/01/2026,14:00:00,Revenue,1610.73,USER_03,System_Entry
TXN-1124,14/01/2026,13:00:00,Inventory,4641.29,ADMIN_01,System_Entry
TXN-1125,10/01/2026,11:00:00,Cash,3467.12,ADMIN_01,System_Entry
TXN-1126,22/01/2026,16:00:00,Inventory,2404.32,USER_02,System_Entry
TXN-1127,24/01/2026,16:00:00,Revenue,4695.32,USER_03,System_Entry
TXN-1128,21/01/2026,09:00:00,Inventory,3014.22,USER_03,System_Entry
TXN-1129,25/01/2026,14:00:00,Revenue,1112.03,USER_03,System_Entry
TXN-1130,25/01/2026,11:00:00,Payroll,772.88,ADMIN_01,System_Entry
TXN-1131,17/01/2026,14:00:00,Revenue,4250.96,ADMIN_01,System_Entry
TXN-1132,17/01/2026,12:00:00,Cash,4471.01,USER_02,System_Entry
TXN-1133,08/01/2026,15:00:00,Revenue,3071.44,ADMIN_01,System_Entry
TXN-1134,16/01/2026,08:00:00,Cash,1270.69,ADMIN_01,System_Entry
TXN-1135,03/01/2026,09:00:00,Revenue,1034.13,USER_02,System_Entry
TXN-1136,17/01/2026,09:00:00,Revenue,3880.08,USER_03,System_Entry
TXN-1137,10/01/2026,08:00:00,Revenue,1673.55,ADMIN_01,System_Entry
TXN-1138,17/01/2026,13:00:00,Inventory,2261.14,USER_02,System_Entry
TXN-1139,16/01/2026,10:00:00,Revenue,2575.5,USER_02,System_Entry
TXN-1140,21/01/2026,13:00:00,Cash,4838.97,USER_02,System_Entry
TXN-1141,22/01/2026,08:00:00,Payroll,4404.18,USER_02,System_Entry
TXN-1142,12/01/2026,11:00:00,Cash,4019.07,ADMIN_01,System_Entry
TXN-1143,01/01/2026,15:00:00,Revenue,4451.4,USER_03,System_Entry
TXN-1144,20/01/2026,09:00:00,Inventory,2357.77,USER_02,System_Entry
TXN-1145,12/01/2026,15:00:00,Revenue,1509.34,ADMIN_01,System_Entry
TXN-1146,27/01/2026,15:00:00,Cash,1766.31,ADMIN_01,System_Entry
TXN-1147,11/01/2026,11:00:00,Revenue,652.34,ADMIN_01,System_Entry
TXN-1148,08/01/2026,10:00:00,Revenue,3848.91,USER_02,System_Entry
TXN-1149,27/01/2026,13:00:00,Payroll,3682.73,USER_02,System_Entry
TXN-1150,19/01/2026,08:00:00,Cash,3389.81,USER_03,System_Entry
TXN-1151,01/01/2026,09:00:00,Cash,703.93,USER_02,System_Entry
TXN-1152,16/01/2026,10:00:00,Revenue,4090.73,USER_03,System_Entry
TXN-1153,17/01/2026,16:00:00,Inventory,1996.8,USER_03,System_Entry
TXN-1154,02/01/2026,15:00:00,Cash,2911.35,USER_02,System_Entry
TXN-1155,27/01/2026,10:00:00,Cash,4980.28,ADMIN_01,System_Entry
TXN-1156,22/01/2026,10:00:00,Inventory,4066.01,ADMIN_01,System_Entry
TXN-1157,11/01/2026,12:00:00,Revenue,3337.03,USER_02,System_Entry
TXN-1158,11/01/2026,10:00:00,Revenue,3393.03,USER_03,System_Entry
TXN-1159,28/01/2026,11:00:00,Inventory,1697.05,USER_03,System_Entry
TXN-1160,27/01/2026,09:00:00,Revenue,3362.06,ADMIN_01,System_Entry
TXN-1161,22/01/2026,15:00:00,Payroll,2768.64,USER_02,System_Entry
TXN-1162,22/01/2026,13:00:00,Cash,1317.52,USER_02,System_Entry
TXN-1163,09/01/2026,14:00:00,Revenue,4430.76,USER_03,System_Entry
TXN-1164,22/01/2026,10:00:00,Revenue,2475.28,USER_02,System_Entry
TXN-1165,26/01/2026,14:00:00,Cash,2738.16,USER_03,System_Entry
TXN-1166,08/01/2026,13:00:00,Revenue,269.55,USER_03,System_Entry
TXN-1167,28/01/2026,15:00:00,Payroll,4418.96,USER_03,System_Entry
TXN-1168,15/01/2026,11:00:00,Payroll,2633.48,USER_03,System_Entry
TXN-1169,09/01/2026,08:00:00,Payroll,2198.2,ADMIN_01,System_Entry
TXN-1170,12/01/2026,09:00:00,Cash,1702.13,USER_03,System_Entry
TXN-1171,06/01/2026,08:00:00,Cash,4705.23,USER_03,System_Entry
TXN-1172,01/01/2026,13:00:00,Payroll,3432.65,ADMIN_01,System_Entry
TXN-1173,14/01/2026,14:00:00,Payroll,4946.73,ADMIN_01,System_Entry
TXN-1174,24/01/2026,13:00:00,Revenue,3062.56,USER_02,System_Entry
TXN-1175,07/01/2026,09:00:00,Cash,2979.18,ADMIN_01,System_Entry
TXN-1176,06/01/2026,14:00:00,Inventory,1609.13,USER_03,System_Entry
TXN-1177,28/01/2026,14:00:00,Cash,3839.15,USER_03,System_Entry
TXN-1178,28/01/2026,11:00:00,Cash,3258.29,USER_03,System_Entry
TXN-1179,21/01/2026,09:00:00,Revenue,3585.05,USER_02,System_Entry
TXN-1180,12/01/2026,11:00:00,Payroll,1176.91,USER_03,System_Entry
TXN-1181,09/01/2026,10:00:00,Revenue,2935.07,USER_02,System_Entry
TXN-1182,25/01/2026,13:00:00,Inventory,1068.19,USER_02,System_Entry
TXN-1183,26/01/2026,08:00:00,Inventory,412.57,USER_03,System_Entry
TXN-1184,17/01/2026,09:00:00,Cash,877.48,ADMIN_01,System_Entry
TXN-1185,07/01/2026,15:00:00,Inventory,2547.4,ADMIN_01,System_Entry
TXN-1186,13/01/2026,11:00:00,Cash,4978.19,ADMIN_01,System_Entry
TXN-1187,24/01/2026,14:00:00,Cash,3941.37,ADMIN_01,System_Entry
TXN-1188,16/01/2026,08:00:00,Payroll,1954.7,USER_02,System_Entry
TXN-1189,26/01/2026,09:00:00,Inventory,275.21,USER_02,System_Entry
TXN-1190,06/01/2026,14:00:00,Cash,1130.23,USER_03,System_Entry
TXN-1191,13/01/2026,11:00:00,Revenue,2942.88,ADMIN_01,System_Entry
TXN-1192,12/01/2026,12:00:00,Inventory,553.25,USER_02,System_Entry
TXN-1193,25/01/2026,13:00:00,Inventory,2346.02,USER_03,System_Entry
TXN-1194,06/01/2026,09:00:00,Payroll,529.78,ADMIN_01,System_Entry
TXN-1195,16/01/2026,14:00:00,Payroll,2832.6,USER_03,System_Entry
TXN-1196,05/01/2026,10:00:00,Inventory,2517.72,USER_02,System_Entry
TXN-1197,01/01/2026,13:00:00,Cash,2514.2,ADMIN_01,System_Entry
TXN-1198,13/01/2026,08:00:00,Inventory,3051.69,ADMIN_01,System_Entry
TXN-1199,21/01/2026,09:00:00,Cash,1524.8,USER_03,System_Entry
TXN-1200,14/01/2026,09:00:00,Revenue,1133.23,USER_03,System_Entry
TXN-1201,24/01/2026,09:00:00,Payroll,4504.73,USER_02,System_Entry
TXN-1202,12/01/2026,10:00:00,Revenue,1249.58,USER_03,System_Entry
TXN-1203,28/01/2026,12:00:00,Payroll,2327.01,USER_02,System_Entry
TXN-1204,01/01/2026,12:00:00,Revenue,1332.3,USER_03,System_Entry
TXN-1205,02/01/2026,08:00:00,Cash,1291.07,USER_02,System_Entry
TXN-1206,19/01/2026,15:00:00,Payroll,1569.78,USER_02,System_Entry
TXN-1207,12/01/2026,11:00:00,Payroll,2965.19,USER_02,System_Entry
TXN-1208,06/01/2026,15:00:00,Cash,1031.94,ADMIN_01,System_Entry
TXN-1209,08/01/2026,13:00:00,Inventory,3724.58,USER_02,System_Entry
TXN-1210,21/01/2026,10:00:00,Revenue,4784.43,USER_03,System_Entry
TXN-1211,11/01/2026,10:00:00,Inventory,125.81,ADMIN_01,System_Entry
TXN-1212,17/01/2026,14:00:00,Inventory,4291.32,USER_03,System_Entry
TXN-1213,01/01/2026,08:00:00,Payroll,4517.35,USER_03,System_Entry
TXN-1214,21/01/2026,10:00:00,Payroll,525.05,USER_03,System_Entry
TXN-1215,02/01/2026,16:00:00,Payroll,4928.45,USER_03,System_Entry
TXN-1216,15/01/2026,13:00:00,Payroll,2847.33,USER_02,System_Entry
TXN-1217,10/01/2026,13:00:00,Cash,549.15,USER_03,System_Entry
TXN-1218,27/01/2026,13:00:00,Cash,992.44,USER_03,System_Entry
TXN-1219,09/01/2026,16:00:00,Revenue,284.92,USER_02,System_Entry
TXN-1220,11/01/2026,14:00:00,Revenue,2785.11,USER_02,System_Entry
TXN-1221,26/01/2026,13:00:00,Inventory,3103.74,ADMIN_01,System_Entry
TXN-1222,19/01/2026,13:00:00,Revenue,1012.09,USER_02,System_Entry
TXN-1223,02/01/2026,16:00:00,Cash,4357.32,USER_02,System_Entry
TXN-1224,16/01/2026,11:00:00,Inventory,4640.85,ADMIN_01,System_Entry
TXN-1225,20/01/2026,16:00:00,Payroll,4473.12,USER_03,System_Entry
TXN-1226,18/01/2026,14:00:00,Payroll,4564.66,USER_02,System_Entry
TXN-1227,14/01/2026,10:00:00,Revenue,3482.68,USER_02,System_Entry
TXN-1228,17/01/2026,16:00:00,Cash,834.31,USER_02,System_Entry
TXN-1229,15/01/2026,15:00:00,Revenue,2997.91,ADMIN_01,System_Entry
TXN-1230,27/01/2026,12:00:00,Payroll,2662.83,USER_02,System_Entry
TXN-1231,02/01/2026,12:00:00,Payroll,2517.66,USER_02,System_Entry
TXN-1232,01/01/2026,15:00:00,Payroll,351.79,ADMIN_01,System_Entry
TXN-1233,11/01/2026,13:00:00,Inventory,643.52,ADMIN_01,System_Entry
TXN-1234,09/01/2026,12:00:00,Inventory,706.42,USER_02,System_Entry
TXN-1235,28/01/2026,10:00:00,Revenue,448.99,USER_03,System_Entry
TXN-1236,13/01/2026,15:00:00,Payroll,2783.25,ADMIN_01,System_Entry
TXN-1237,20/01/2026,12:00:00,Inventory,2646.88,ADMIN_01,System_Entry
TXN-1238,18/01/2026,10:00:00,Cash,1385.77,USER_03,System_Entry
TXN-1239,21/01/2026,15:00:00,Revenue,4181.71,USER_03,System_Entry
TXN-1240,23/01/2026,08:00:00,Inventory,1075.79,USER_03,System_Entry
TXN-1241,24/01/2026,13:00:00,Cash,2675.73,USER_02,System_Entry
TXN-1242,12/01/2026,08:00:00,Payroll,816.45,USER_03,System_Entry
TXN-1243,25/01/2026,11:00:00,Inventory,1645.94,ADMIN_01,System_Entry
TXN-1244,21/01/2026,10:00:00,Cash,2024.02,USER_02,System_Entry
TXN-1245,20/01/2026,13:00:00,Revenue,392.95,USER_02,System_Entry
TXN-1246,18/01/2026,11:00:00,Inventory,1311.19,ADMIN_01,System_Entry
TXN-1247,27/01/2026,16:00:00,Cash,4254.53,ADMIN_01,System_Entry
TXN-1248,07/01/2026,15:00:00,Payroll,356.18,ADMIN_01,System_Entry
TXN-1249,25/01/2026,16:00:00,Cash,2116.9,USER_03,System_Entry
TXN-1250,25/01/2026,11:00:00,Revenue,3668.58,USER_02,System_Entry
TXN-1251,16/01/2026,14:00:00,Revenue,2340.24,ADMIN_01,System_Entry
TXN-1252,03/01/2026,13:00:00,Revenue,768.06,USER_02,System_Entry
TXN-1253,13/01/2026,09:00:00,Inventory,2838.23,USER_03,System_Entry
TXN-1254,12/01/2026,10:00:00,Cash,883.14,ADMIN_01,System_Entry
TXN-1255,02/01/2026,13:00:00,Cash,2096.34,ADMIN_01,System_Entry
TXN-1256,13/01/2026,16:00:00,Inventory,1028.75,ADMIN_01,System_Entry
TXN-1257,22/01/2026,15:00:00,Payroll,3121.38,USER_03,System_Entry
TXN-1258,01/01/2026,08:00:00,Cash,3727.38,ADMIN_01,System_Entry
TXN-1259,22/01/2026,08:00:00,Cash,2482.36,USER_02,System_Entry
TXN-1260,01/01/2026,13:00:00,Revenue,1611.19,USER_02,System_Entry
TXN-1261,23/01/2026,15:00:00,Inventory,3320.06,USER_03,System_Entry
TXN-1262,21/01/2026,11:00:00,Payroll,4633.18,USER_03,System_Entry
TXN-1263,03/01/2026,11:00:00,Payroll,4636.71,ADMIN_01,System_Entry
TXN-1264,17/01/2026,10:00:00,Revenue,128.46,ADMIN_01,System_Entry
TXN-1265,16/01/2026,16:00:00,Cash,721.01,USER_02,System_Entry
TXN-1266,27/01/2026,09:00:00,Inventory,1974.17,USER_03,System_Entry
TXN-1267,18/01/2026,12:00:00,Cash,2273.97,USER_02,System_Entry
TXN-1268,08/01/2026,08:00:00,Inventory,3511.53,ADMIN_01,System_Entry
TXN-1269,15/01/2026,14:00:00,Payroll,2119.14,USER_03,System_Entry
TXN-1270,13/01/2026,14:00:00,Cash,2267.88,ADMIN_01,System_Entry
TXN-1271,09/01/2026,12:00:00,Revenue,4744.06,USER_03,System_Entry
TXN-1272,26/01/2026,12:00:00,Revenue,1599.02,USER_02,System_Entry
TXN-1273,22/01/2026,12:00:00,Revenue,4831.3,USER_02,System_Entry
TXN-1274,13/01/2026,12:00:00,Cash,1146.42,USER_02,System_Entry
TXN-1275,03/01/2026,14:00:00,Payroll,3181.65,ADMIN_01,System_Entry
TXN-1276,02/01/2026,10:00:00,Inventory,2765.66,USER_03,System_Entry
TXN-1277,13/01/2026,10:00:00,Revenue,4782.42,USER_02,System_Entry
TXN-1278,01/01/2026,12:00:00,Cash,485.45,ADMIN_01,System_Entry
TXN-1279,12/01/2026,12:00:00,Cash,2132.33,USER_03,System_Entry
TXN-1280,09/01/2026,08:00:00,Inventory,4903.83,USER_02,System_Entry
TXN-1281,27/01/2026,15:00:00,Payroll,4505.91,ADMIN_01,System_Entry
TXN-1282,05/01/2026,13:00:00,Payroll,3253.26,USER_02,System_Entry
TXN-1283,10/01/2026,10:00:00,Cash,1679.07,USER_02,System_Entry
TXN-1284,21/01/2026,15:00:00,Payroll,1769.54,USER_03,System_Entry
TXN-1285,06/01/2026,12:00:00,Cash,4131.02,ADMIN_01,System_Entry
TXN-1286,01/01/2026,14:00:00,Payroll,3495.53,USER_03,System_Entry
TXN-1287,14/01/2026,10:00:00,Inventory,4833.78,USER_03,System_Entry
TXN-1288,04/01/2026,08:00:00,Payroll,3439.4,USER_02,System_Entry
TXN-1289,16/01/2026,12:00:00,Payroll,1364.09,USER_02,System_Entry
TXN-1290,18/01/2026,12:00:00,Revenue,4360.44,USER_02,System_Entry
TXN-1291,19/01/2026,12:00:00,Revenue,3614.78,ADMIN_01,System_Entry
TXN-1292,16/01/2026,08:00:00,Revenue,2311.33,USER_02,System_Entry
TXN-1293,11/01/2026,10:00:00,Cash,915.46,ADMIN_01,System_Entry
TXN-1294,24/01/2026,10:00:00,Cash,2429.49,USER_03,System_Entry
TXN-1295,12/01/2026,14:00:00,Inventory,977.47,USER_02,System_Entry
TXN-1296,05/01/2026,09:00:00,Payroll,3079.03,USER_03,System_Entry
TXN-1297,05/01/2026,08:00:00,Cash,4829.79,ADMIN_01,System_Entry
TXN-1298,14/01/2026,14:00:00,Inventory,4152.25,USER_02,System_Entry
TXN-1299,12/01/2026,09:00:00,Payroll,134.35,USER_02,System_Entry
TXN-1300,06/01/2026,16:00:00,Cash,3671.73,ADMIN_01,System_Entry
TXN-1301,05/01/2026,14:00:00,Revenue,2467.6,USER_02,System_Entry
TXN-1302,06/01/2026,14:00:00,Cash,4616.42,ADMIN_01,System_Entry
TXN-1303,09/01/2026,13:00:00,Inventory,166.56,USER_03,System_Entry
TXN-1304,01/01/2026,15:00:00,Inventory,4659.56,ADMIN_01,System_Entry
TXN-1305,22/01/2026,10:00:00,Revenue,3036.68,ADMIN_01,System_Entry
TXN-1306,09/01/2026,14:00:00,Inventory,1747.54,ADMIN_01,System_Entry
TXN-1307,23/01/2026,12:00:00,Inventory,1118.5,USER_02,System_Entry
TXN-1308,19/01/2026,12:00:00,Revenue,3298.45,USER_02,System_Entry
TXN-1309,23/01/2026,13:00:00,Inventory,494.87,ADMIN_01,System_Entry
TXN-1310,02/01/2026,08:00:00,Revenue,2111.94,USER_03,System_Entry
TXN-1311,19/01/2026,15:00:00,Revenue,860.95,USER_03,System_Entry
TXN-1312,17/01/2026,16:00:00,Revenue,4518.95,ADMIN_01,System_Entry
TXN-1313,25/01/2026,09:00:00,Payroll,4841.92,USER_02,System_Entry
TXN-1314,18/01/2026,13:00:00,Inventory,4583.76,USER_02,System_Entry
TXN-1315,09/01/2026,13:00:00,Payroll,2657.71,ADMIN_01,System_Entry
TXN-1316,23/01/2026,14:00:00,Revenue,4127.61,USER_02,System_Entry
TXN-1317,03/01/2026,16:00:00,Inventory,3521.54,USER_02,System_Entry
TXN-1318,17/01/2026,12:00:00,Revenue,4560.56,USER_03,System_Entry
TXN-1319,01/01/2026,14:00:00,Payroll,1058.33,USER_03,System_Entry
TXN-1320,10/01/2026,09:00:00,Inventory,1491.12,ADMIN_01,System_Entry
TXN-1321,02/01/2026,15:00:00,Cash,1315.85,USER_02,System_Entry
TXN-1322,16/01/2026,13:00:00,Cash,1132.14,ADMIN_01,System_Entry
TXN-1323,24/01/2026,16:00:00,Revenue,1543.77,USER_02,System_Entry
TXN-1324,02/01/2026,08:00:00,Inventory,3304.07,USER_02,System_Entry
TXN-1325,08/01/2026,14:00:00,Payroll,1592.11,USER_02,System_Entry
TXN-1326,12/01/2026,08:00:00,Cash,4578.66,USER_03,System_Entry
TXN-1327,10/01/2026,08:00:00,Payroll,2565.01,ADMIN_01,System_Entry
TXN-1328,25/01/2026,16:00:00,Inventory,1218.18,ADMIN_01,System_Entry
TXN-1329,21/01/2026,10:00:00,Revenue,2866.13,USER_02,System_Entry
TXN-1330,19/01/2026,10:00:00,Revenue,1467.94,ADMIN_01,System_Entry
TXN-1331,01/01/2026,12:00:00,Payroll,851.23,USER_03,System_Entry
TXN-1332,10/01/2026,15:00:00,Revenue,4617.46,USER_03,System_Entry
TXN-1333,26/01/2026,12:00:00,Cash,3536.82,USER_02,System_Entry
TXN-1334,02/01/2026,15:00:00,Revenue,3658.17,USER_02,System_Entry
TXN-1335,14/01/2026,11:00:00,Payroll,1833.97,USER_03,System_Entry
TXN-1336,25/01/2026,12:00:00,Inventory,951.15,ADMIN_01,System_Entry
TXN-1337,15/01/2026,13:00:00,Payroll,361.34,USER_02,System_Entry
TXN-1338,04/01/2026,10:00:00,Revenue,2180.96,USER_02,System_Entry
TXN-1339,20/01/2026,16:00:00,Revenue,1441.56,ADMIN_01,System_Entry
TXN-1340,01/01/2026,13:00:00,Cash,4151.42,USER_02,System_Entry
TXN-1341,09/01/2026,13:00:00,Cash,4870.3,USER_03,System_Entry
TXN-1342,15/01/2026,10:00:00,Inventory,3356.99,USER_02,System_Entry
TXN-1343,17/01/2026,10:00:00,Payroll,4460.3,USER_03,System_Entry
TXN-1344,20/01/2026,13:00:00,Cash,1701.15,ADMIN_01,System_Entry
TXN-1345,01/01/2026,10:00:00,Payroll,455.58,USER_03,System_Entry
TXN-1346,07/01/2026,10:00:00,Payroll,134.25,ADMIN_01,System_Entry
TXN-1347,12/01/2026,12:00:00,Payroll,1282.44,USER_02,System_Entry
TXN-1348,11/01/2026,08:00:00,Revenue,598.81,ADMIN_01,System_Entry
TXN-1349,03/01/2026,08:00:00,Inventory,3149.01,USER_02,System_Entry
TXN-1350,18/01/2026,09:00:00,Inventory,4669.7,USER_02,System_Entry
TXN-1351,26/01/2026,15:00:00,Inventory,3856.03,ADMIN_01,System_Entry
TXN-1352,25/01/2026,15:00:00,Revenue,1818.49,USER_02,System_Entry
TXN-1353,18/01/2026,10:00:00,Cash,912.85,ADMIN_01,System_Entry
TXN-1354,14/01/2026,11:00:00,Inventory,984.12,USER_02,System_Entry
TXN-1355,24/01/2026,14:00:00,Cash,3462.97,ADMIN_01,System_Entry
TXN-1356,14/01/2026,13:00:00,Inventory,4131.98,ADMIN_01,System_Entry
TXN-1357,12/01/2026,08:00:00,Inventory,2093.13,ADMIN_01,System_Entry
TXN-1358,07/01/2026,10:00:00,Revenue,2216.81,USER_03,System_Entry
TXN-1359,25/01/2026,08:00:00,Cash,887.77,USER_03,System_Entry
TXN-1360,27/01/2026,13:00:00,Revenue,4522.77,USER_03,System_Entry
TXN-1361,20/01/2026,10:00:00,Revenue,4229.46,ADMIN_01,System_Entry
TXN-1362,03/01/2026,11:00:00,Payroll,4262.08,USER_02,System_Entry
TXN-1363,03/01/2026,12:00:00,Cash,2618.81,USER_02,System_Entry
TXN-1364,28/01/2026,12:00:00,Revenue,1103.82,ADMIN_01,System_Entry
TXN-1365,26/01/2026,12:00:00,Inventory,2067.43,USER_02,System_Entry
TXN-1366,01/01/2026,14:00:00,Cash,3800.33,ADMIN_01,System_Entry
TXN-1367,14/01/2026,11:00:00,Revenue,3871.48,USER_02,System_Entry
TXN-1368,04/01/2026,14:00:00,Inventory,3642.32,ADMIN_01,System_Entry
TXN-1369,18/01/2026,15:00:00,Inventory,2785.03,ADMIN_01,System_Entry
TXN-1370,04/01/2026,12:00:00,Revenue,532.58,ADMIN_01,System_Entry
TXN-1371,23/01/2026,15:00:00,Payroll,2232.5,ADMIN_01,System_Entry
TXN-1372,17/01/2026,11:00:00,Cash,3839.22,ADMIN_01,System_Entry
TXN-1373,21/01/2026,09:00:00,Inventory,3721.18,USER_02,System_Entry
TXN-1374,06/01/2026,10:00:00,Revenue,4512.2,USER_02,System_Entry
TXN-1375,15/01/2026,14:00:00,Inventory,4250.01,USER_02,System_Entry
TXN-1376,03/01/2026,15:00:00,Payroll,2131.4,ADMIN_01,System_Entry
TXN-1377,19/01/2026,08:00:00,Inventory,1959.82,USER_02,System_Entry
TXN-1378,15/01/2026,15:00:00,Cash,1773.86,ADMIN_01,System_Entry
TXN-1379,28/01/2026,13:00:00,Cash,2208.42,ADMIN_01,System_Entry
TXN-1380,22/01/2026,14:00:00,Payroll,4438.59,ADMIN_01,System_Entry
TXN-1381,10/01/2026,13:00:00,Cash,1950.25,USER_03,System_Entry
TXN-1382,11/01/2026,13:00:00,Revenue,1703.05,USER_02,System_Entry
TXN-1383,20/01/2026,09:00:00,Payroll,1022.59,ADMIN_01,System_Entry
TXN-1384,21/01/2026,08:00:00,Revenue,2406.79,ADMIN_01,System_Entry
TXN-1385,03/01/2026,15:00:00,Revenue,2373.6,USER_03,System_Entry
TXN-1386,03/01/2026,12:00:00,Payroll,3170.02,USER_02,System_Entry
TXN-1387,27/01/2026,11:00:00,Cash,4035.1,USER_03,System_Entry
TXN-1388,05/01/2026,12:00:00,Cash,1426.51,USER_02,System_Entry
TXN-1389,08/01/2026,08:00:00,Revenue,4110.28,USER_02,System_Entry
TXN-1390,25/01/2026,14:00:00,Payroll,4681.3,ADMIN_01,System_Entry
TXN-1391,24/01/2026,13:00:00,Inventory,1013.3,USER_02,System_Entry
TXN-1392,21/01/2026,11:00:00,Cash,2142.1,ADMIN_01,System_Entry
TXN-1393,18/01/2026,15:00:00,Revenue,3879.45,USER_03,System_Entry
TXN-1394,09/01/2026,15:00:00,Payroll,3054.3,USER_03,System_Entry
TXN-1395,27/01/2026,11:00:00,Inventory,577.26,USER_02,System_Entry
TXN-1396,13/01/2026,13:00:00,Cash,2264.37,USER_02,System_Entry
TXN-1397,26/01/2026,16:00:00,Revenue,3941.71,USER_03,System_Entry
TXN-1398,01/01/2026,16:00:00,Cash,3727.94,USER_02,System_Entry
TXN-1399,17/01/2026,11:00:00,Inventory,4190.44,USER_03,System_Entry
TXN-1400,23/01/2026,16:00:00,Inventory,2538.04,USER_02,System_Entry
TXN-1401,24/01/2026,16:00:00,Payroll,1167.98,USER_03,System_Entry
TXN-1402,17/01/2026,08:00:00,Revenue,4139.07,USER_02,System_Entry
TXN-1403,20/01/2026,09:00:00,Inventory,4758.79,USER_02,System_Entry
TXN-1404,04/01/2026,10:00:00,Inventory,325.7,USER_03,System_Entry
TXN-1405,03/01/2026,10:00:00,Cash,2938.71,USER_02,System_Entry
TXN-1406,23/01/2026,16:00:00,Payroll,4445.95,ADMIN_01,System_Entry
TXN-1407,07/01/2026,15:00:00,Payroll,2304.82,ADMIN_01,System_Entry
TXN-1408,27/01/2026,15:00:00,Inventory,4092.26,USER_03,System_Entry
TXN-1409,19/01/2026,14:00:00,Cash,184.55,ADMIN_01,System_Entry
TXN-1410,26/01/2026,14:00:00,Revenue,3336.19,ADMIN_01,System_Entry
TXN-1411,04/01/2026,11:00:00,Revenue,4869.38,ADMIN_01,System_Entry
TXN-1412,28/01/2026,16:00:00,Payroll,3107.38,USER_02,System_Entry
TXN-1413,19/01/2026,08:00:00,Payroll,731.41,ADMIN_01,System_Entry
TXN-1414,27/01/2026,14:00:00,Revenue,2398.94,USER_02,System_Entry
TXN-1415,20/01/2026,10:00:00,Revenue,4559.49,USER_03,System_Entry
TXN-1416,16/01/2026,10:00:00,Revenue,4157.18,ADMIN_01,System_Entry
TXN-1417,28/01/2026,08:00:00,Payroll,1938.19,USER_02,System_Entry
TXN-1418,27/01/2026,10:00:00,Revenue,4156.29,USER_03,System_Entry
TXN-1419,23/01/2026,09:00:00,Inventory,333.95,ADMIN_01,System_Entry
TXN-1420,16/01/2026,12:00:00,Cash,4829.84,USER_03,System_Entry
TXN-1421,22/01/2026,12:00:00,Payroll,373.88,USER_02,System_Entry
TXN-1422,16/01/2026,16:00:00,Payroll,525.5,ADMIN_01,System_Entry
TXN-1423,01/01/2026,10:00:00,Payroll,2678.03,USER_03,System_Entry
TXN-1424,19/01/2026,14:00:00,Revenue,2415.65,USER_03,System_Entry
TXN-1425,27/01/2026,11:00:00,Inventory,4819.62,ADMIN_01,System_Entry
TXN-1426,16/01/2026,08:00:00,Payroll,2966.76,ADMIN_01,System_Entry
TXN-1427,09/01/2026,09:00:00,Payroll,2403.72,ADMIN_01,System_Entry
TXN-1428,20/01/2026,09:00:00,Inventory,941.55,USER_02,System_Entry
TXN-1429,03/01/2026,09:00:00,Payroll,1564.6,USER_02,System_Entry
TXN-1430,18/01/2026,11:00:00,Inventory,1225.2,ADMIN_01,System_Entry
TXN-1431,06/01/2026,14:00:00,Cash,1787.83,USER_03,System_Entry
TXN-1432,28/01/2026,15:00:00,Revenue,3471.36,USER_03,System_Entry
TXN-1433,04/01/2026,09:00:00,Cash,1983.26,ADMIN_01,System_Entry
TXN-1434,13/01/2026,15:00:00,Payroll,4138.83,USER_02,System_Entry
TXN-1435,13/01/2026,14:00:00,Revenue,1789.66,ADMIN_01,System_Entry
TXN-1436,11/01/2026,08:00:00,Revenue,2811.01,USER_02,System_Entry
TXN-1437,24/01/2026,11:00:00,Revenue,4097.48,USER_03,System_Entry
TXN-1438,11/01/2026,09:00:00,Payroll,4839.81,USER_02,System_Entry
TXN-1439,25/01/2026,15:00:00,Payroll,3481.22,ADMIN_01,System_Entry
TXN-1440,25/01/2026,15:00:00,Revenue,2847.92,USER_02,System_Entry
TXN-1441,13/01/2026,16:00:00,Payroll,1513.14,USER_03,System_Entry
TXN-1442,04/01/2026,10:00:00,Inventory,1691.43,ADMIN_01,System_Entry
TXN-1443,04/01/2026,15:00:00,Cash,993.54,ADMIN_01,System_Entry
TXN-1444,02/01/2026,10:00:00,Revenue,2849.96,USER_03,System_Entry
TXN-1445,02/01/2026,16:00:00,Payroll,3372.15,USER_02,System_Entry
TXN-1446,04/01/2026,16:00:00,Revenue,2560.55,USER_02,System_Entry
TXN-1447,20/01/2026,10:00:00,Payroll,3274.03,ADMIN_01,System_Entry
TXN-1448,17/01/2026,14:00:00,Payroll,4070.55,USER_02,System_Entry
TXN-1449,24/01/2026,14:00:00,Inventory,4083.95,ADMIN_01,System_Entry
TXN-1450,21/01/2026,08:00:00,Inventory,952.18,USER_03,System_Entry
TXN-1451,14/01/2026,12:00:00,Revenue,4749.53,USER_02,System_Entry
TXN-1452,03/01/2026,16:00:00,Cash,2599.92,ADMIN_01,System_Entry
TXN-1453,17/01/2026,08:00:00,Payroll,1277.29,ADMIN_01,System_Entry
TXN-1454,04/01/2026,13:00:00,Inventory,172.49,USER_02,System_Entry
TXN-1455,16/01/2026,13:00:00,Inventory,584.95,ADMIN_01,System_Entry
TXN-1456,16/01/2026,09:00:00,Revenue,2786.63,ADMIN_01,System_Entry
TXN-1457,17/01/2026,15:00:00,Cash,4086.88,USER_02,System_Entry
TXN-1458,18/01/2026,08:00:00,Cash,321.39,USER_03,System_Entry
TXN-1459,25/01/2026,08:00:00,Revenue,3262.59,ADMIN_01,System_Entry
TXN-1460,01/01/2026,11:00:00,Revenue,4536.39,USER_02,System_Entry
TXN-1461,13/01/2026,16:00:00,Cash,3926.45,USER_03,System_Entry
TXN-1462,24/01/2026,11:00:00,Revenue,1888.96,ADMIN_01,System_Entry
TXN-1463,28/01/2026,13:00:00,Inventory,3561.42,USER_02,System_Entry
TXN-1464,11/01/2026,13:00:00,Cash,1375.94,USER_02,System_Entry
TXN-1465,19/01/2026,08:00:00,Payroll,4097.34,USER_02,System_Entry
TXN-1466,06/01/2026,13:00:00,Revenue,974.04,ADMIN_01,System_Entry
TXN-1467,17/01/2026,08:00:00,Revenue,2955.98,USER_02,System_Entry
TXN-1468,17/01/2026,14:00:00,Cash,4573.51,USER_02,System_Entry
TXN-1469,12/01/2026,12:00:00,Payroll,4427.58,USER_02,System_Entry
TXN-1470,23/01/2026,09:00:00,Payroll,3549.46,USER_02,System_Entry
TXN-1471,03/01/2026,16:00:00,Inventory,1809.3,USER_02,System_Entry
TXN-1472,06/01/2026,10:00:00,Cash,2828.25,ADMIN_01,System_Entry
TXN-1473,04/01/2026,15:00:00,Revenue,2202.66,USER_02,System_Entry
TXN-1474,10/01/2026,10:00:00,Inventory,2096.95,USER_03,System_Entry
TXN-1475,28/01/2026,09:00:00,Payroll,1057.38,ADMIN_01,System_Entry
TXN-1476,14/01/2026,11:00:00,Revenue,2881.48,ADMIN_01,System_Entry
TXN-1477,10/01/2026,13:00:00,Inventory,1914.93,USER_03,System_Entry
TXN-1478,17/01/2026,13:00:00,Cash,4606.47,USER_02,System_Entry
TXN-1479,19/01/2026,15:00:00,Payroll,2224.05,ADMIN_01,System_Entry
TXN-1480,23/01/2026,12:00:00,Cash,3909.23,USER_03,System_Entry
TXN-1481,28/01/2026,09:00:00,Inventory,439.61,USER_03,System_Entry
TXN-1482,23/01/2026,15:00:00,Payroll,3057.6,USER_03,System_Entry
TXN-1483,03/01/2026,11:00:00,Inventory,3253.29,USER_03,System_Entry
TXN-1484,19/01/2026,09:00:00,Inventory,2394.33,USER_02,System_Entry
TXN-1485,19/01/2026,11:00:00,Payroll,343.97,USER_03,System_Entry
TXN-1486,01/01/2026,13:00:00,Cash,1787.6,USER_03,System_Entry
TXN-1487,04/01/2026,11:00:00,Revenue,2124.98,USER_02,System_Entry
TXN-1488,15/01/2026,15:00:00,Payroll,3484.38,ADMIN_01,System_Entry
TXN-1489,17/01/2026,14:00:00,Cash,980.24,USER_02,System_Entry
TXN-1490,24/01/2026,13:00:00,Revenue,4004.59,USER_03,System_Entry
TXN-1491,04/01/2026,13:00:00,Cash,575.6,USER_03,System_Entry
TXN-1492,06/01/2026,16:00:00,Cash,2070,USER_02,System_Entry
TXN-1493,07/01/2026,08:00:00,Inventory,440.28,ADMIN_01,System_Entry
TXN-1494,06/01/2026,16:00:00,Inventory,4434.77,USER_02,System_Entry
TXN-1495,02/01/2026,09:00:00,Payroll,893.03,USER_02,System_Entry
TXN-1496,04/01/2026,09:00:00,Cash,1695.45,USER_03,System_Entry
TXN-1497,06/01/2026,12:00:00,Payroll,4177.64,ADMIN_01,System_Entry
TXN-1498,23/01/2026,14:00:00,Inventory,3080.93,ADMIN_01,System_Entry
TXN-1499,10/01/2026,11:00:00,Payroll,2583.87,USER_02,System_Entry
TXN-1500,28/01/2026,13:00:00,Revenue,3726.57,USER_02,System_Entry
TXN-1501,12/01/2026,09:00:00,Cash,3806.57,USER_02,System_Entry
TXN-1502,12/01/2026,11:00:00,Payroll,3575.48,USER_03,System_Entry
TXN-1503,21/01/2026,11:00:00,Inventory,662.77,ADMIN_01,System_Entry
TXN-1504,14/01/2026,08:00:00,Payroll,1815.73,USER_02,System_Entry
TXN-1505,28/01/2026,10:00:00,Cash,3367.01,USER_03,System_Entry
TXN-1506,28/01/2026,14:00:00,Payroll,3556.84,USER_03,System_Entry
TXN-1507,13/01/2026,12:00:00,Inventory,2640.86,USER_02,System_Entry
TXN-1508,12/01/2026,08:00:00,Revenue,3195.32,USER_02,System_Entry
TXN-1509,27/01/2026,09:00:00,Payroll,2244.75,ADMIN_01,System_Entry
TXN-1510,18/01/2026,16:00:00,Inventory,4243.58,USER_03,System_Entry
TXN-1511,02/01/2026,15:00:00,Cash,1505.45,ADMIN_01,System_Entry
TXN-1512,18/01/2026,09:00:00,Inventory,3837.66,USER_03,System_Entry
TXN-1513,12/01/2026,11:00:00,Inventory,1181.28,ADMIN_01,System_Entry
TXN-1514,07/01/2026,09:00:00,Inventory,2456.33,USER_03,System_Entry
TXN-1515,01/01/2026,11:00:00,Revenue,1268.35,USER_03,System_Entry
TXN-1516,22/01/2026,10:00:00,Cash,3643.09,ADMIN_01,System_Entry
TXN-1517,25/01/2026,12:00:00,Revenue,973.08,USER_03,System_Entry
TXN-1518,18/01/2026,12:00:00,Payroll,3377.98,USER_03,System_Entry
TXN-1519,25/01/2026,10:00:00,Inventory,4469.07,USER_03,System_Entry
TXN-1520,01/01/2026,16:00:00,Inventory,2242.22,USER_03,System_Entry
TXN-1521,07/01/2026,12:00:00,Cash,2439.71,USER_03,System_Entry
TXN-1522,14/01/2026,09:00:00,Revenue,2632.86,ADMIN_01,System_Entry
TXN-1523,28/01/2026,10:00:00,Revenue,3889.79,USER_03,System_Entry
TXN-1524,20/01/2026,15:00:00,Revenue,460.59,USER_03,System_Entry
TXN-1525,06/01/2026,08:00:00,Revenue,1622.44,ADMIN_01,System_Entry
TXN-1526,07/01/2026,16:00:00,Inventory,3497.8,USER_03,System_Entry
TXN-1527,24/01/2026,15:00:00,Cash,669,USER_03,System_Entry
TXN-1528,12/01/2026,08:00:00,Payroll,3361.17,USER_03,System_Entry
TXN-1529,23/01/2026,11:00:00,Revenue,4372.95,USER_02,System_Entry
TXN-1530,16/01/2026,15:00:00,Revenue,2005,ADMIN_01,System_Entry
TXN-1531,06/01/2026,09:00:00,Payroll,2183.69,USER_03,System_Entry
TXN-1532,21/01/2026,13:00:00,Inventory,553.25,USER_03,System_Entry
TXN-1533,24/01/2026,10:00:00,Inventory,3867.27,ADMIN_01,System_Entry
TXN-1534,05/01/2026,08:00:00,Revenue,1366.7,USER_02,System_Entry
TXN-1535,12/01/2026,13:00:00,Cash,4634.82,ADMIN_01,System_Entry
TXN-1536,01/01/2026,16:00:00,Inventory,1277.88,ADMIN_01,System_Entry
TXN-1537,25/01/2026,08:00:00,Cash,3673.83,USER_03,System_Entry
TXN-1538,22/01/2026,10:00:00,Inventory,1148.66,USER_02,System_Entry
TXN-1539,06/01/2026,09:00:00,Inventory,1445.97,ADMIN_01,System_Entry
TXN-1540,12/01/2026,12:00:00,Revenue,4736.04,USER_03,System_Entry
TXN-1541,22/01/2026,14:00:00,Inventory,1615.99,ADMIN_01,System_Entry
TXN-1542,27/01/2026,16:00:00,Payroll,2132.27,USER_02,System_Entry
TXN-1543,07/01/2026,09:00:00,Revenue,3666.87,USER_02,System_Entry
TXN-1544,24/01/2026,14:00:00,Revenue,400.39,ADMIN_01,System_Entry
TXN-1545,27/01/2026,09:00:00,Inventory,370.17,ADMIN_01,System_Entry
TXN-1546,21/01/2026,11:00:00,Revenue,1695.14,USER_02,System_Entry
TXN-1547,03/01/2026,13:00:00,Revenue,3362.59,ADMIN_01,System_Entry
TXN-1548,07/01/2026,09:00:00,Payroll,280.93,USER_03,System_Entry
TXN-1549,27/01/2026,13:00:00,Revenue,4694.35,ADMIN_01,System_Entry
TXN-1550,18/01/2026,11:00:00,Cash,2376.87,USER_02,System_Entry
TXN-1551,12/01/2026,11:00:00,Inventory,4770.02,USER_02,System_Entry
TXN-1552,07/01/2026,11:00:00,Inventory,3453.49,USER_03,System_Entry
TXN-1553,01/01/2026,09:00:00,Payroll,1905.69,ADMIN_01,System_Entry
TXN-1554,11/01/2026,09:00:00,Inventory,4533.15,USER_03,System_Entry
TXN-1555,26/01/2026,10:00:00,Cash,186.77,USER_02,System_Entry
TXN-1556,13/01/2026,12:00:00,Inventory,3285.89,USER_02,System_Entry
TXN-1557,24/01/2026,09:00:00,Revenue,4734.16,USER_02,System_Entry
TXN-1558,20/01/2026,11:00:00,Payroll,2163.92,USER_02,System_Entry
TXN-1559,08/01/2026,13:00:00,Payroll,3101.25,USER_02,System_Entry
TXN-1560,07/01/2026,09:00:00,Inventory,1916.64,ADMIN_01,System_Entry
TXN-1561,10/01/2026,12:00:00,Inventory,321.78,USER_03,System_Entry
TXN-1562,09/01/2026,16:00:00,Payroll,3009.96,USER_03,System_Entry
TXN-1563,15/01/2026,09:00:00,Revenue,122.61,USER_02,System_Entry
TXN-1564,01/01/2026,09:00:00,Inventory,2280.92,USER_03,System_Entry
TXN-1565,21/01/2026,08:00:00,Cash,3749.94,USER_03,System_Entry
TXN-1566,21/01/2026,15:00:00,Cash,3026.45,USER_02,System_Entry
TXN-1567,27/01/2026,15:00:00,Cash,2039.51,USER_02,System_Entry
TXN-1568,09/01/2026,15:00:00,Revenue,213.41,USER_03,System_Entry
TXN-1569,09/01/2026,15:00:00,Payroll,2728.41,ADMIN_01,System_Entry
TXN-1570,06/01/2026,13:00:00,Revenue,2083.84,USER_03,System_Entry
TXN-1571,25/01/2026,08:00:00,Inventory,4449.01,ADMIN_01,System_Entry
TXN-1572,05/01/2026,08:00:00,Revenue,1263.68,ADMIN_01,System_Entry
TXN-1573,09/01/2026,10:00:00,Cash,4011.15,USER_02,System_Entry
TXN-1574,27/01/2026,16:00:00,Inventory,2452.96,USER_02,System_Entry
TXN-1575,24/01/2026,11:00:00,Cash,4622.27,USER_02,System_Entry
TXN-1576,21/01/2026,15:00:00,Revenue,1071.83,USER_02,System_Entry
TXN-1577,03/01/2026,15:00:00,Payroll,681.68,USER_03,System_Entry
TXN-1578,05/01/2026,15:00:00,Cash,2224.55,USER_03,System_Entry
TXN-1579,24/01/2026,15:00:00,Inventory,407.19,ADMIN_01,System_Entry
TXN-1580,16/01/2026,12:00:00,Inventory,1974.71,USER_02,System_Entry
TXN-1581,03/01/2026,16:00:00,Revenue,2407.41,USER_02,System_Entry
TXN-1582,23/01/2026,09:00:00,Payroll,4894.44,USER_03,System_Entry
TXN-1583,15/01/2026,11:00:00,Payroll,4641.74,USER_03,System_Entry
TXN-1584,18/01/2026,10:00:00,Revenue,3943.68,USER_02,System_Entry
TXN-1585,22/01/2026,16:00:00,Inventory,2946.47,ADMIN_01,System_Entry
TXN-1586,05/01/2026,16:00:00,Inventory,3182.22,ADMIN_01,System_Entry
TXN-1587,26/01/2026,14:00:00,Revenue,4253.51,USER_03,System_Entry
TXN-1588,18/01/2026,13:00:00,Payroll,1086.33,USER_02,System_Entry
TXN-1589,21/01/2026,08:00:00,Inventory,2512.33,USER_03,System_Entry
TXN-1590,27/01/2026,12:00:00,Inventory,2415.56,USER_03,System_Entry
TXN-1591,24/01/2026,15:00:00,Revenue,3304.45,USER_02,System_Entry
TXN-1592,09/01/2026,10:00:00,Revenue,4714.69,USER_02,System_Entry
TXN-1593,10/01/2026,15:00:00,Revenue,3204.69,ADMIN_01,System_Entry
TXN-1594,08/01/2026,11:00:00,Revenue,3736.01,USER_02,System_Entry
TXN-1595,13/01/2026,15:00:00,Revenue,239.25,USER_02,System_Entry
TXN-1596,04/01/2026,10:00:00,Inventory,119.02,ADMIN_01,System_Entry
TXN-1597,25/01/2026,12:00:00,Inventory,2923.39,ADMIN_01,System_Entry
TXN-1598,02/01/2026,15:00:00,Payroll,3744.39,ADMIN_01,System_Entry
TXN-1599,19/01/2026,13:00:00,Inventory,3746.34,USER_03,System_Entry
TXN-1600,20/01/2026,16:00:00,Inventory,1978,ADMIN_01,System_Entry
TXN-1601,20/01/2026,16:00:00,Revenue,1281.18,USER_03,System_Entry
TXN-1602,01/01/2026,11:00:00,Revenue,1659.02,USER_02,System_Entry
TXN-1603,20/01/2026,10:00:00,Inventory,4784.66,USER_03,System_Entry
TXN-1604,08/01/2026,08:00:00,Inventory,3948.87,ADMIN_01,System_Entry
TXN-1605,20/01/2026,08:00:00,Payroll,725,USER_02,System_Entry
TXN-1606,27/01/2026,16:00:00,Cash,321.09,USER_02,System_Entry
TXN-1607,24/01/2026,13:00:00,Inventory,191.16,USER_03,System_Entry
TXN-1608,20/01/2026,08:00:00,Cash,1272.93,ADMIN_01,System_Entry
TXN-1609,15/01/2026,08:00:00,Revenue,2670.02,USER_03,System_Entry
TXN-1610,11/01/2026,10:00:00,Payroll,3416.6,USER_03,System_Entry
TXN-1611,03/01/2026,12:00:00,Inventory,1092.81,USER_02,System_Entry
TXN-1612,26/01/2026,12:00:00,Revenue,3091.58,USER_02,System_Entry
TXN-1613,26/01/2026,14:00:00,Inventory,4718.05,USER_03,System_Entry
TXN-1614,02/01/2026,15:00:00,Cash,3519.31,USER_02,System_Entry
TXN-1615,04/01/2026,09:00:00,Inventory,2758.11,ADMIN_01,System_Entry
TXN-1616,23/01/2026,15:00:00,Revenue,667.09,USER_02,System_Entry
TXN-1617,28/01/2026,11:00:00,Payroll,4345.72,USER_03,System_Entry
TXN-1618,16/01/2026,08:00:00,Cash,2171.96,USER_03,System_Entry
TXN-1619,27/01/2026,08:00:00,Revenue,1650.46,ADMIN_01,System_Entry
TXN-1620,20/01/2026,14:00:00,Cash,4836.33,USER_02,System_Entry
TXN-1621,08/01/2026,15:00:00,Inventory,1407.02,USER_02,System_Entry
TXN-1622,13/01/2026,08:00:00,Cash,4218.64,USER_03,System_Entry
TXN-1623,14/01/2026,10:00:00,Revenue,1491.56,USER_02,System_Entry
TXN-1624,19/01/2026,12:00:00,Cash,968.38,USER_02,System_Entry
TXN-1625,14/01/2026,16:00:00,Revenue,2040.75,USER_03,System_Entry
TXN-1626,06/01/2026,09:00:00,Inventory,4867.07,USER_02,System_Entry
TXN-1627,03/01/2026,13:00:00,Inventory,1511.51,USER_03,System_Entry
TXN-1628,21/01/2026,09:00:00,Inventory,1344.38,USER_02,System_Entry
TXN-1629,21/01/2026,15:00:00,Revenue,572.49,USER_02,System_Entry
TXN-1630,23/01/2026,15:00:00,Inventory,1358.74,USER_03,System_Entry
TXN-1631,03/01/2026,16:00:00,Inventory,789.18,USER_02,System_Entry
TXN-1632,12/01/2026,10:00:00,Inventory,3588.25,ADMIN_01,System_Entry
TXN-1633,17/01/2026,11:00:00,Revenue,4331.04,USER_02,System_Entry
TXN-1634,02/01/2026,11:00:00,Payroll,429.44,USER_03,System_Entry
TXN-1635,16/01/2026,09:00:00,Payroll,3977.52,USER_03,System_Entry
TXN-1636,17/01/2026,16:00:00,Payroll,825.96,ADMIN_01,System_Entry
TXN-1637,06/01/2026,08:00:00,Revenue,3324.61,ADMIN_01,System_Entry
TXN-1638,13/01/2026,16:00:00,Payroll,1252.28,USER_02,System_Entry
TXN-1639,04/01/2026,16:00:00,Payroll,2180.9,ADMIN_01,System_Entry
TXN-1640,04/01/2026,08:00:00,Inventory,4886.23,ADMIN_01,System_Entry
TXN-1641,21/01/2026,15:00:00,Cash,1320.01,USER_03,System_Entry
TXN-1642,25/01/2026,11:00:00,Cash,3830.1,USER_03,System_Entry
TXN-1643,24/01/2026,14:00:00,Inventory,4032.32,USER_02,System_Entry
TXN-1644,22/01/2026,12:00:00,Revenue,1935.56,USER_02,System_Entry
TXN-1645,06/01/2026,11:00:00,Cash,397.7,ADMIN_01,System_Entry
TXN-1646,01/01/2026,08:00:00,Revenue,2332.49,USER_03,System_Entry
TXN-1647,03/01/2026,13:00:00,Inventory,484.99,ADMIN_01,System_Entry
TXN-1648,22/01/2026,16:00:00,Inventory,3580.39,ADMIN_01,System_Entry
TXN-1649,17/01/2026,15:00:00,Payroll,2792.98,USER_02,System_Entry
TXN-1650,24/01/2026,10:00:00,Cash,2213.69,USER_02,System_Entry
TXN-1651,15/01/2026,09:00:00,Payroll,712.91,USER_03,System_Entry
TXN-1652,01/01/2026,12:00:00,Cash,4326.54,USER_03,System_Entry
TXN-1653,07/01/2026,15:00:00,Inventory,2671.53,USER_02,System_Entry
TXN-1654,08/01/2026,15:00:00,Revenue,3946.04,USER_02,System_Entry
TXN-1655,18/01/2026,13:00:00,Payroll,4060.02,USER_02,System_Entry
TXN-1656,26/01/2026,08:00:00,Payroll,2919.42,ADMIN_01,System_Entry
TXN-1657,08/01/2026,14:00:00,Revenue,2097.19,USER_02,System_Entry
TXN-1658,06/01/2026,12:00:00,Revenue,4773.89,ADMIN_01,System_Entry
TXN-1659,08/01/2026,11:00:00,Cash,4152.62,USER_03,System_Entry
TXN-1660,22/01/2026,08:00:00,Payroll,435.06,USER_03,System_Entry
TXN-1661,27/01/2026,08:00:00,Payroll,1211.42,USER_02,System_Entry
TXN-1662,13/01/2026,12:00:00,Inventory,307.17,USER_02,System_Entry
TXN-1663,19/01/2026,12:00:00,Inventory,1005.18,USER_02,System_Entry
TXN-1664,21/01/2026,15:00:00,Cash,4231.29,USER_02,System_Entry
TXN-1665,17/01/2026,15:00:00,Inventory,2634.08,USER_02,System_Entry
TXN-1666,10/01/2026,11:00:00,Inventory,755.11,ADMIN_01,System_Entry
TXN-1667,18/01/2026,14:00:00,Inventory,3717.24,USER_03,System_Entry
TXN-1668,05/01/2026,10:00:00,Revenue,3652.34,ADMIN_01,System_Entry
TXN-1669,03/01/2026,16:00:00,Payroll,3501.03,ADMIN_01,System_Entry
TXN-1670,13/01/2026,13:00:00,Inventory,3479.89,ADMIN_01,System_Entry
TXN-1671,13/01/2026,16:00:00,Inventory,4945.48,USER_03,System_Entry
TXN-1672,17/01/2026,09:00:00,Revenue,1822.73,ADMIN_01,System_Entry
TXN-1673,20/01/2026,12:00:00,Payroll,4284.36,USER_02,System_Entry
TXN-1674,04/01/2026,08:00:00,Payroll,3528.48,ADMIN_01,System_Entry
TXN-1675,26/01/2026,13:00:00,Payroll,3410.28,USER_03,System_Entry
TXN-1676,08/01/2026,11:00:00,Revenue,3155.15,ADMIN_01,System_Entry
TXN-1677,01/01/2026,09:00:00,Revenue,1700.34,USER_02,System_Entry
TXN-1678,10/01/2026,09:00:00,Cash,1359.25,ADMIN_01,System_Entry
TXN-1679,16/01/2026,09:00:00,Cash,678.17,USER_02,System_Entry
TXN-1680,23/01/2026,12:00:00,Payroll,4666,ADMIN_01,System_Entry
TXN-1681,10/01/2026,14:00:00,Payroll,188.92,USER_03,System_Entry
TXN-1682,24/01/2026,12:00:00,Payroll,3826.57,USER_02,System_Entry
TXN-1683,28/01/2026,12:00:00,Inventory,4992.62,ADMIN_01,System_Entry
TXN-1684,04/01/2026,14:00:00,Payroll,3345.47,ADMIN_01,System_Entry
TXN-1685,24/01/2026,09:00:00,Revenue,1326.07,ADMIN_01,System_Entry
TXN-1686,24/01/2026,09:00:00,Revenue,4205.9,ADMIN_01,System_Entry
TXN-1687,09/01/2026,10:00:00,Inventory,4147.37,ADMIN_01,System_Entry
TXN-1688,26/01/2026,12:00:00,Revenue,2168.74,ADMIN_01,System_Entry
TXN-1689,24/01/2026,15:00:00,Revenue,3557.21,USER_02,System_Entry
TXN-1690,07/01/2026,12:00:00,Payroll,2415.63,USER_03,System_Entry
TXN-1691,24/01/2026,15:00:00,Cash,2404.45,USER_03,System_Entry
TXN-1692,01/01/2026,10:00:00,Payroll,1504.37,USER_02,System_Entry
TXN-1693,27/01/2026,10:00:00,Inventory,3351.61,ADMIN_01,System_Entry
TXN-1694,02/01/2026,11:00:00,Cash,2152.35,USER_03,System_Entry
TXN-1695,01/01/2026,10:00:00,Inventory,4472.98,USER_02,System_Entry
TXN-1696,05/01/2026,09:00:00,Cash,3301.33,USER_03,System_Entry
TXN-1697,21/01/2026,12:00:00,Inventory,3008.02,USER_02,System_Entry
TXN-1698,21/01/2026,12:00:00,Inventory,4607.94,USER_03,System_Entry
TXN-1699,04/01/2026,09:00:00,Cash,3340.99,USER_02,System_Entry
TXN-1700,08/01/2026,09:00:00,Revenue,1786.23,USER_02,System_Entry
TXN-1701,21/01/2026,16:00:00,Revenue,1387.77,USER_02,System_Entry
TXN-1702,17/01/2026,09:00:00,Cash,1522.37,ADMIN_01,System_Entry
TXN-1703,11/01/2026,09:00:00,Cash,2240.27,USER_03,System_Entry
TXN-1704,23/01/2026,09:00:00,Cash,1944.25,USER_02,System_Entry
TXN-1705,17/01/2026,10:00:00,Revenue,2807.5,ADMIN_01,System_Entry
TXN-1706,18/01/2026,08:00:00,Cash,2440.85,USER_02,System_Entry
TXN-1707,13/01/2026,08:00:00,Cash,111.7,ADMIN_01,System_Entry
TXN-1708,14/01/2026,09:00:00,Inventory,3459.12,USER_02,System_Entry
TXN-1709,04/01/2026,09:00:00,Payroll,3083.3,ADMIN_01,System_Entry
TXN-1710,03/01/2026,12:00:00,Payroll,4031.86,USER_03,System_Entry
TXN-1711,21/01/2026,14:00:00,Cash,1498.27,USER_02,System_Entry
TXN-1712,08/01/2026,12:00:00,Revenue,1052.29,ADMIN_01,System_Entry
TXN-1713,19/01/2026,13:00:00,Cash,4152.72,USER_03,System_Entry
TXN-1714,08/01/2026,13:00:00,Revenue,3790.49,ADMIN_01,System_Entry
TXN-1715,27/01/2026,15:00:00,Payroll,1680.89,USER_03,System_Entry
TXN-1716,08/01/2026,08:00:00,Cash,4963.02,USER_03,System_Entry
TXN-1717,27/01/2026,14:00:00,Payroll,1603.12,USER_03,System_Entry
TXN-1718,16/01/2026,10:00:00,Payroll,247.82,ADMIN_01,System_Entry
TXN-1719,17/01/2026,08:00:00,Payroll,1849.46,ADMIN_01,System_Entry
TXN-1720,01/01/2026,16:00:00,Revenue,1705.46,USER_02,System_Entry
TXN-1721,11/01/2026,15:00:00,Payroll,3461.93,USER_03,System_Entry
TXN-1722,15/01/2026,16:00:00,Revenue,2351.54,ADMIN_01,System_Entry
TXN-1723,13/01/2026,11:00:00,Payroll,879.31,USER_03,System_Entry
TXN-1724,18/01/2026,11:00:00,Inventory,2538.95,ADMIN_01,System_Entry
TXN-1725,03/01/2026,09:00:00,Inventory,1727.25,USER_02,System_Entry
TXN-1726,12/01/2026,15:00:00,Payroll,3521.18,USER_02,System_Entry
TXN-1727,23/01/2026,16:00:00,Revenue,3634.98,ADMIN_01,System_Entry
TXN-1728,03/01/2026,11:00:00,Cash,2991.17,ADMIN_01,System_Entry
TXN-1729,11/01/2026,13:00:00,Inventory,2790.9,ADMIN_01,System_Entry
TXN-1730,06/01/2026,15:00:00,Cash,2668.5,ADMIN_01,System_Entry
TXN-1731,09/01/2026,11:00:00,Cash,2515.32,USER_03,System_Entry
TXN-1732,18/01/2026,14:00:00,Revenue,2834.12,USER_02,System_Entry
TXN-1733,25/01/2026,08:00:00,Cash,493.85,ADMIN_01,System_Entry
TXN-1734,02/01/2026,15:00:00,Inventory,1418.25,ADMIN_01,System_Entry
TXN-1735,20/01/2026,08:00:00,Payroll,4951.96,ADMIN_01,System_Entry
TXN-1736,28/01/2026,16:00:00,Payroll,3884.59,ADMIN_01,System_Entry
TXN-1737,21/01/2026,15:00:00,Revenue,3070.87,USER_02,System_Entry
TXN-1738,26/01/2026,15:00:00,Revenue,3550.28,USER_03,System_Entry
TXN-1739,20/01/2026,11:00:00,Payroll,4902.82,USER_03,System_Entry
TXN-1740,14/01/2026,15:00:00,Revenue,374.03,USER_03,System_Entry
TXN-1741,11/01/2026,11:00:00,Cash,3662.79,USER_02,System_Entry
TXN-1742,06/01/2026,14:00:00,Cash,3608.58,ADMIN_01,System_Entry
TXN-1743,19/01/2026,16:00:00,Cash,2791.26,USER_02,System_Entry
TXN-1744,22/01/2026,13:00:00,Payroll,4304.63,ADMIN_01,System_Entry
TXN-1745,13/01/2026,14:00:00,Inventory,2419.13,ADMIN_01,System_Entry
TXN-1746,04/01/2026,10:00:00,Revenue,1868.94,ADMIN_01,System_Entry
TXN-1747,23/01/2026,14:00:00,Inventory,3299.83,USER_03,System_Entry
TXN-1748,11/01/2026,13:00:00,Payroll,3254.9,ADMIN_01,System_Entry
TXN-1749,22/01/2026,11:00:00,Cash,2984.4,USER_02,System_Entry
TXN-1750,14/01/2026,09:00:00,Cash,4478.44,USER_02,System_Entry
TXN-1751,01/01/2026,16:00:00,Revenue,3114.13,USER_02,System_Entry
TXN-1752,02/01/2026,10:00:00,Revenue,4322.11,USER_02,System_Entry
TXN-1753,20/01/2026,13:00:00,Payroll,3025.52,USER_02,System_Entry
TXN-1754,24/01/2026,14:00:00,Revenue,4950.23,USER_03,System_Entry
TXN-1755,10/01/2026,15:00:00,Revenue,2156.71,USER_02,System_Entry
TXN-1756,17/01/2026,15:00:00,Cash,4066.95,USER_02,System_Entry
TXN-1757,03/01/2026,13:00:00,Inventory,1251.8,USER_02,System_Entry
TXN-1758,08/01/2026,10:00:00,Revenue,3061.7,ADMIN_01,System_Entry
TXN-1759,01/01/2026,14:00:00,Revenue,3831.78,USER_03,System_Entry
TXN-1760,17/01/2026,16:00:00,Payroll,3409.85,ADMIN_01,System_Entry
TXN-1761,21/01/2026,09:00:00,Cash,3477.66,ADMIN_01,System_Entry
TXN-1762,15/01/2026,16:00:00,Inventory,203.78,ADMIN_01,System_Entry
TXN-1763,12/01/2026,14:00:00,Revenue,1015.63,USER_02,System_Entry
TXN-1764,28/01/2026,09:00:00,Payroll,1083.42,ADMIN_01,System_Entry
TXN-1765,26/01/2026,14:00:00,Cash,4578.71,USER_02,System_Entry
TXN-1766,09/01/2026,08:00:00,Inventory,2246.98,ADMIN_01,System_Entry
TXN-1767,19/01/2026,08:00:00,Payroll,417.39,USER_02,System_Entry
TXN-1768,25/01/2026,09:00:00,Revenue,3715.78,ADMIN_01,System_Entry
TXN-1769,13/01/2026,14:00:00,Inventory,1060.01,USER_02,System_Entry
TXN-1770,05/01/2026,08:00:00,Revenue,4977.6,ADMIN_01,System_Entry
TXN-1771,14/01/2026,14:00:00,Revenue,424.49,USER_03,System_Entry
TXN-1772,24/01/2026,15:00:00,Inventory,2537.19,ADMIN_01,System_Entry
TXN-1773,26/01/2026,11:00:00,Payroll,4995.65,ADMIN_01,System_Entry
TXN-1774,04/01/2026,16:00:00,Cash,261.77,ADMIN_01,System_Entry
TXN-1775,10/01/2026,11:00:00,Cash,2675.64,USER_03,System_Entry
TXN-1776,22/01/2026,11:00:00,Payroll,3252.4,ADMIN_01,System_Entry
TXN-1777,23/01/2026,16:00:00,Cash,4683.2,ADMIN_01,System_Entry
TXN-1778,04/01/2026,15:00:00,Revenue,4376.91,ADMIN_01,System_Entry
TXN-1779,07/01/2026,14:00:00,Inventory,4051.26,ADMIN_01,System_Entry
TXN-1780,17/01/2026,16:00:00,Cash,404.5,USER_03,System_Entry
TXN-1781,10/01/2026,12:00:00,Revenue,4482.94,USER_02,System_Entry
TXN-1782,10/01/2026,15:00:00,Inventory,2413.52,USER_03,System_Entry
TXN-1783,16/01/2026,12:00:00,Revenue,4069.71,ADMIN_01,System_Entry
TXN-1784,19/01/2026,14:00:00,Cash,516.46,ADMIN_01,System_Entry
TXN-1785,03/01/2026,15:00:00,Revenue,1399.09,USER_03,System_Entry
TXN-1786,22/01/2026,13:00:00,Cash,737.13,ADMIN_01,System_Entry
TXN-1787,27/01/2026,13:00:00,Cash,4099.27,USER_03,System_Entry
TXN-1788,21/01/2026,11:00:00,Cash,2354.13,ADMIN_01,System_Entry
TXN-1789,01/01/2026,12:00:00,Inventory,725.39,USER_03,System_Entry
TXN-1790,21/01/2026,14:00:00,Revenue,4004.36,ADMIN_01,System_Entry
TXN-1791,17/01/2026,12:00:00,Payroll,3638.04,USER_03,System_Entry
TXN-1792,18/01/2026,09:00:00,Cash,2874.38,USER_03,System_Entry
TXN-1793,20/01/2026,13:00:00,Revenue,3918.07,USER_03,System_Entry
TXN-1794,07/01/2026,11:00:00,Revenue,1401.44,USER_03,System_Entry
TXN-1795,24/01/2026,12:00:00,Inventory,4478.85,USER_03,System_Entry
TXN-1796,03/01/2026,13:00:00,Revenue,2838.85,USER_02,System_Entry
TXN-1797,11/01/2026,16:00:00,Revenue,1703.4,ADMIN_01,System_Entry
TXN-1798,05/01/2026,15:00:00,Payroll,407.02,ADMIN_01,System_Entry
TXN-1799,01/01/2026,08:00:00,Payroll,2670.98,ADMIN_01,System_Entry
TXN-1800,15/01/2026,09:00:00,Inventory,538.34,USER_02,System_Entry
TXN-1801,24/01/2026,12:00:00,Revenue,4942.4,USER_02,System_Entry
TXN-1802,13/01/2026,10:00:00,Payroll,4912.37,USER_03,System_Entry
TXN-1803,02/01/2026,09:00:00,Revenue,3952.88,USER_03,System_Entry
TXN-1804,25/01/2026,15:00:00,Payroll,1117.58,ADMIN_01,System_Entry
TXN-1805,08/01/2026,14:00:00,Cash,3793.68,USER_03,System_Entry
TXN-1806,02/01/2026,08:00:00,Cash,3711.69,USER_02,System_Entry
TXN-1807,12/01/2026,15:00:00,Inventory,1226.59,USER_03,System_Entry
TXN-1808,07/01/2026,10:00:00,Revenue,3035.11,USER_02,System_Entry
TXN-1809,04/01/2026,10:00:00,Inventory,4749.65,ADMIN_01,System_Entry
TXN-1810,04/01/2026,11:00:00,Inventory,559.45,USER_03,System_Entry
TXN-1811,20/01/2026,15:00:00,Payroll,342.6,ADMIN_01,System_Entry
TXN-1812,24/01/2026,15:00:00,Revenue,1428.17,USER_03,System_Entry
TXN-1813,22/01/2026,14:00:00,Revenue,1392.06,USER_02,System_Entry
TXN-1814,06/01/2026,10:00:00,Inventory,2144.16,ADMIN_01,System_Entry
TXN-1815,15/01/2026,11:00:00,Cash,2763.58,USER_02,System_Entry
TXN-1816,25/01/2026,08:00:00,Payroll,1120.88,USER_03,System_Entry
TXN-1817,13/01/2026,11:00:00,Inventory,1325,USER_03,System_Entry
TXN-1818,19/01/2026,09:00:00,Inventory,2596.78,USER_03,System_Entry
TXN-1819,11/01/2026,13:00:00,Cash,2567.53,USER_02,System_Entry
TXN-1820,02/01/2026,10:00:00,Cash,381.75,USER_03,System_Entry
TXN-1821,10/01/2026,09:00:00,Inventory,3688.12,USER_02,System_Entry
TXN-1822,10/01/2026,16:00:00,Payroll,1035.19,ADMIN_01,System_Entry
TXN-1823,04/01/2026,11:00:00,Revenue,4733.5,USER_02,System_Entry
TXN-1824,13/01/2026,08:00:00,Revenue,1892.87,USER_03,System_Entry
TXN-1825,19/01/2026,15:00:00,Payroll,3500.36,USER_02,System_Entry
TXN-1826,22/01/2026,09:00:00,Payroll,3210.79,ADMIN_01,System_Entry
TXN-1827,10/01/2026,08:00:00,Cash,1707.46,USER_03,System_Entry
TXN-1828,09/01/2026,16:00:00,Cash,1010.61,USER_03,System_Entry
TXN-1829,10/01/2026,16:00:00,Payroll,1523.89,USER_02,System_Entry
TXN-1830,11/01/2026,14:00:00,Inventory,1787.72,ADMIN_01,System_Entry
TXN-1831,21/01/2026,14:00:00,Revenue,1440.77,USER_03,System_Entry
TXN-1832,23/01/2026,15:00:00,Inventory,1519.26,USER_03,System_Entry
TXN-1833,15/01/2026,12:00:00,Inventory,2777.79,USER_02,System_Entry
TXN-1834,23/01/2026,16:00:00,Inventory,3461.27,USER_02,System_Entry
TXN-1835,14/01/2026,16:00:00,Payroll,3973.34,USER_02,System_Entry
TXN-1836,06/01/2026,16:00:00,Inventory,571.29,USER_02,System_Entry
TXN-1837,03/01/2026,12:00:00,Payroll,497.07,USER_03,System_Entry
TXN-1838,07/01/2026,10:00:00,Payroll,2186.88,USER_02,System_Entry
TXN-1839,21/01/2026,16:00:00,Cash,4084.62,USER_03,System_Entry
TXN-1840,12/01/2026,16:00:00,Payroll,2275.36,USER_02,System_Entry
TXN-1841,18/01/2026,15:00:00,Cash,3632.84,USER_02,System_Entry
TXN-1842,01/01/2026,08:00:00,Revenue,392.72,USER_02,System_Entry
TXN-1843,03/01/2026,11:00:00,Cash,3215.15,USER_03,System_Entry
TXN-1844,14/01/2026,15:00:00,Payroll,302.51,USER_03,System_Entry
TXN-1845,11/01/2026,10:00:00,Revenue,2908.2,USER_02,System_Entry
TXN-1846,25/01/2026,16:00:00,Payroll,3497.02,USER_03,System_Entry
TXN-1847,23/01/2026,10:00:00,Revenue,3721.16,USER_02,System_Entry
TXN-1848,19/01/2026,14:00:00,Inventory,4217.64,USER_03,System_Entry
TXN-1849,18/01/2026,15:00:00,Inventory,1746.72,USER_03,System_Entry
TXN-1850,21/01/2026,13:00:00,Cash,2988.01,USER_02,System_Entry
TXN-1851,04/01/2026,14:00:00,Cash,4768.3,ADMIN_01,System_Entry
TXN-1852,14/01/2026,16:00:00,Inventory,786.79,ADMIN_01,System_Entry
TXN-1853,03/01/2026,10:00:00,Payroll,1697.67,USER_02,System_Entry
TXN-1854,22/01/2026,11:00:00,Revenue,940.34,USER_02,System_Entry
TXN-1855,04/01/2026,12:00:00,Revenue,2615.67,USER_02,System_Entry
TXN-1856,24/01/2026,09:00:00,Inventory,2880.56,ADMIN_01,System_Entry
TXN-1857,01/01/2026,08:00:00,Revenue,2960.94,USER_02,System_Entry
TXN-1858,02/01/2026,12:00:00,Payroll,4942.29,USER_02,System_Entry
TXN-1859,23/01/2026,15:00:00,Revenue,2674.82,USER_03,System_Entry
TXN-1860,01/01/2026,15:00:00,Payroll,118.8,USER_03,System_Entry
TXN-1861,23/01/2026,11:00:00,Revenue,1305.36,ADMIN_01,System_Entry
TXN-1862,14/01/2026,08:00:00,Payroll,136.44,USER_03,System_Entry
TXN-1863,13/01/2026,13:00:00,Payroll,4989.29,ADMIN_01,System_Entry
TXN-1864,13/01/2026,14:00:00,Inventory,842.75,USER_03,System_Entry
TXN-1865,23/01/2026,11:00:00,Revenue,1100.63,ADMIN_01,System_Entry
TXN-1866,15/01/2026,16:00:00,Cash,2982.6,USER_03,System_Entry
TXN-1867,23/01/2026,09:00:00,Revenue,582.19,USER_02,System_Entry
TXN-1868,26/01/2026,13:00:00,Cash,2055.69,USER_03,System_Entry
TXN-1869,19/01/2026,08:00:00,Payroll,1600.2,ADMIN_01,System_Entry
TXN-1870,13/01/2026,15:00:00,Revenue,720.79,USER_02,System_Entry
TXN-1871,17/01/2026,10:00:00,Cash,2747.04,ADMIN_01,System_Entry
TXN-1872,25/01/2026,09:00:00,Revenue,2362.28,ADMIN_01,System_Entry
TXN-1873,28/01/2026,08:00:00,Cash,2911.09,USER_03,System_Entry
TXN-1874,28/01/2026,16:00:00,Payroll,3030.82,ADMIN_01,System_Entry
TXN-1875,14/01/2026,11:00:00,Payroll,4366.17,USER_02,System_Entry
TXN-1876,03/01/2026,15:00:00,Inventory,3641.23,USER_02,System_Entry
TXN-1877,20/01/2026,16:00:00,Revenue,1272.19,ADMIN_01,System_Entry
TXN-1878,28/01/2026,14:00:00,Payroll,2015.77,ADMIN_01,System_Entry
TXN-1879,25/01/2026,12:00:00,Cash,201.61,ADMIN_01,System_Entry
TXN-1880,06/01/2026,16:00:00,Inventory,3466.72,USER_03,System_Entry
TXN-1881,12/01/2026,11:00:00,Payroll,2572.85,USER_02,System_Entry
TXN-1882,12/01/2026,15:00:00,Cash,1887.63,USER_03,System_Entry
TXN-1883,03/01/2026,16:00:00,Revenue,541.31,USER_02,System_Entry
TXN-1884,17/01/2026,12:00:00,Revenue,188.34,USER_03,System_Entry
TXN-1885,05/01/2026,13:00:00,Inventory,4007.45,USER_02,System_Entry
TXN-1886,03/01/2026,15:00:00,Cash,4281.58,ADMIN_01,System_Entry
TXN-1887,07/01/2026,15:00:00,Payroll,2542.96,USER_02,System_Entry
TXN-1888,14/01/2026,09:00:00,Cash,2343.73,ADMIN_01,System_Entry
TXN-1889,09/01/2026,15:00:00,Revenue,4492.61,USER_03,System_Entry
TXN-1890,14/01/2026,14:00:00,Cash,3393.91,USER_02,System_Entry
TXN-1891,04/01/2026,16:00:00,Revenue,1622.85,USER_03,System_Entry
TXN-1892,08/01/2026,13:00:00,Payroll,4570.77,ADMIN_01,System_Entry
TXN-1893,27/01/2026,10:00:00,Revenue,3735.87,USER_02,System_Entry
TXN-1894,15/01/2026,14:00:00,Revenue,835.66,USER_02,System_Entry
TXN-1895,26/01/2026,16:00:00,Payroll,4890.89,ADMIN_01,System_Entry
TXN-1896,19/01/2026,16:00:00,Payroll,136.48,USER_02,System_Entry
TXN-1897,25/01/2026,10:00:00,Payroll,2830.89,ADMIN_01,System_Entry
TXN-1898,02/01/2026,11:00:00,Payroll,3783.25,USER_03,System_Entry
TXN-1899,22/01/2026,11:00:00,Payroll,2748.22,USER_02,System_Entry
TXN-1900,23/01/2026,15:00:00,Cash,4698.31,USER_03,System_Entry
TXN-1901,23/01/2026,08:00:00,Revenue,1285.66,ADMIN_01,System_Entry
TXN-1902,07/01/2026,10:00:00,Revenue,3371.44,USER_02,System_Entry
TXN-1903,20/01/2026,10:00:00,Payroll,3265.46,USER_03,System_Entry
TXN-1904,09/01/2026,16:00:00,Payroll,1434.57,USER_02,System_Entry
TXN-1905,05/01/2026,08:00:00,Inventory,4918.8,ADMIN_01,System_Entry
TXN-1906,09/01/2026,12:00:00,Cash,3641.8,ADMIN_01,System_Entry
TXN-1907,28/01/2026,11:00:00,Payroll,1934.34,USER_03,System_Entry
TXN-1908,14/01/2026,14:00:00,Inventory,2547.25,ADMIN_01,System_Entry
TXN-1909,02/01/2026,10:00:00,Inventory,347.6,USER_02,System_Entry
TXN-1910,05/01/2026,15:00:00,Payroll,3730.8,ADMIN_01,System_Entry
TXN-1911,07/01/2026,14:00:00,Payroll,1155.93,USER_03,System_Entry
TXN-1912,20/01/2026,16:00:00,Inventory,2007.96,ADMIN_01,System_Entry
TXN-1913,21/01/2026,12:00:00,Cash,923.23,USER_02,System_Entry
TXN-1914,25/01/2026,10:00:00,Inventory,1274.62,USER_02,System_Entry
TXN-1915,24/01/2026,16:00:00,Inventory,3478,USER_03,System_Entry
TXN-1916,27/01/2026,09:00:00,Revenue,3452.51,USER_02,System_Entry
TXN-1917,05/01/2026,12:00:00,Cash,2501.96,USER_02,System_Entry
TXN-1918,08/01/2026,16:00:00,Revenue,861.02,ADMIN_01,System_Entry
TXN-1919,17/01/2026,11:00:00,Cash,2631.51,ADMIN_01,System_Entry
TXN-1920,01/01/2026,11:00:00,Inventory,831.89,USER_03,System_Entry
TXN-1921,04/01/2026,08:00:00,Payroll,1581.23,USER_03,System_Entry
TXN-1922,17/01/2026,14:00:00,Cash,1198.86,USER_03,System_Entry
TXN-1923,22/01/2026,08:00:00,Cash,841.11,USER_03,System_Entry
TXN-1924,16/01/2026,14:00:00,Payroll,3744.04,USER_03,System_Entry
TXN-1925,24/01/2026,16:00:00,Inventory,1782.56,USER_02,System_Entry
TXN-1926,11/01/2026,13:00:00,Revenue,4554.45,ADMIN_01,System_Entry
TXN-1927,06/01/2026,08:00:00,Inventory,1530.61,ADMIN_01,System_Entry
TXN-1928,17/01/2026,11:00:00,Inventory,623.95,USER_03,System_Entry
TXN-1929,08/01/2026,10:00:00,Cash,3759.72,USER_02,System_Entry
TXN-1930,15/01/2026,14:00:00,Revenue,2012.37,USER_03,System_Entry
TXN-1931,03/01/2026,09:00:00,Cash,878.24,ADMIN_01,System_Entry
TXN-1932,06/01/2026,14:00:00,Cash,2681.45,USER_02,System_Entry
TXN-1933,11/01/2026,12:00:00,Cash,1866.44,USER_02,System_Entry
TXN-1934,12/01/2026,14:00:00,Payroll,2395.39,USER_02,System_Entry
TXN-1935,12/01/2026,12:00:00,Inventory,3006.54,ADMIN_01,System_Entry
TXN-1936,02/01/2026,16:00:00,Revenue,1409.1,USER_02,System_Entry
TXN-1937,16/01/2026,12:00:00,Payroll,1836.32,USER_02,System_Entry
TXN-1938,10/01/2026,08:00:00,Revenue,4986.24,ADMIN_01,System_Entry
TXN-1939,28/01/2026,14:00:00,Payroll,3700.23,USER_02,System_Entry
TXN-1940,12/01/2026,16:00:00,Payroll,159.79,USER_03,System_Entry
TXN-1941,03/01/2026,11:00:00,Payroll,4094,ADMIN_01,System_Entry
TXN-1942,23/01/2026,11:00:00,Inventory,2866.62,USER_03,System_Entry
TXN-1943,27/01/2026,16:00:00,Payroll,301.9,ADMIN_01,System_Entry
TXN-1944,26/01/2026,10:00:00,Inventory,2558.91,USER_03,System_Entry
TXN-1945,20/01/2026,08:00:00,Payroll,3583.13,USER_02,System_Entry
TXN-1946,08/01/2026,12:00:00,Payroll,2154.21,USER_03,System_Entry
TXN-1947,17/01/2026,16:00:00,Cash,903.11,USER_02,System_Entry
TXN-1948,18/01/2026,08:00:00,Cash,3495.48,ADMIN_01,System_Entry
TXN-1949,19/01/2026,12:00:00,Cash,1817.96,USER_02,System_Entry
TXN-1950,05/01/2026,12:00:00,Payroll,1022.38,USER_02,System_Entry
TXN-1951,28/01/2026,08:00:00,Inventory,790.53,ADMIN_01,System_Entry
TXN-1952,22/01/2026,15:00:00,Payroll,4881.68,USER_02,System_Entry
TXN-1953,24/01/2026,10:00:00,Payroll,449.14,ADMIN_01,System_Entry
TXN-1954,06/01/2026,09:00:00,Revenue,3599.46,USER_02,System_Entry
TXN-1955,02/01/2026,15:00:00,Revenue,1246.95,USER_02,System_Entry
TXN-1956,28/01/2026,16:00:00,Revenue,110.41,USER_03,System_Entry
TXN-1957,01/01/2026,16:00:00,Revenue,4906.78,USER_02,System_Entry
TXN-1958,06/01/2026,11:00:00,Revenue,418.3,USER_03,System_Entry
TXN-1959,19/01/2026,13:00:00,Payroll,526.16,USER_02,System_Entry
TXN-1960,03/01/2026,14:00:00,Payroll,3514.47,USER_02,System_Entry
TXN-1961,23/01/2026,14:00:00,Payroll,4433.2,USER_02,System_Entry
TXN-1962,26/01/2026,10:00:00,Inventory,1543.03,USER_02,System_Entry
TXN-1963,02/01/2026,11:00:00,Inventory,4338.33,USER_03,System_Entry
TXN-1964,06/01/2026,08:00:00,Payroll,1487.6,USER_02,System_Entry
TXN-1965,16/01/2026,08:00:00,Revenue,391.14,ADMIN_01,System_Entry
TXN-1966,20/01/2026,16:00:00,Inventory,1232.93,ADMIN_01,System_Entry
TXN-1967,02/01/2026,08:00:00,Inventory,4381.24,USER_03,System_Entry
TXN-1968,23/01/2026,16:00:00,Inventory,4678.64,USER_03,System_Entry
TXN-1969,16/01/2026,14:00:00,Payroll,2472.95,ADMIN_01,System_Entry
TXN-1970,25/01/2026,16:00:00,Cash,4653.31,USER_02,System_Entry
TXN-1971,04/01/2026,11:00:00,Revenue,3996.46,USER_03,System_Entry
TXN-1972,09/01/2026,08:00:00,Inventory,222.83,ADMIN_01,System_Entry
TXN-1973,07/01/2026,08:00:00,Payroll,3441.96,USER_03,System_Entry
TXN-1974,09/01/2026,14:00:00,Inventory,892.62,USER_02,System_Entry
TXN-1975,12/01/2026,09:00:00,Revenue,3276.7,USER_02,System_Entry
TXN-1976,17/01/2026,13:00:00,Inventory,2102.12,USER_02,System_Entry
TXN-1977,06/01/2026,12:00:00,Revenue,4419.58,USER_03,System_Entry
TXN-1978,25/01/2026,10:00:00,Revenue,4288.66,ADMIN_01,System_Entry
TXN-1979,11/01/2026,16:00:00,Payroll,1367.13,USER_03,System_Entry
TXN-1980,03/01/2026,16:00:00,Cash,435.23,USER_02,System_Entry
TXN-1981,22/01/2026,12:00:00,Cash,2101.02,USER_03,System_Entry
TXN-1982,25/01/2026,13:00:00,Revenue,2618.06,USER_03,System_Entry
TXN-1983,19/01/2026,13:00:00,Cash,1084.21,USER_02,System_Entry
TXN-1984,11/01/2026,08:00:00,Revenue,658.32,USER_02,System_Entry
TXN-1985,17/01/2026,13:00:00,Inventory,278.36,USER_02,System_Entry
TXN-1986,07/01/2026,13:00:00,Inventory,255.97,USER_02,System_Entry
TXN-1987,16/01/2026,10:00:00,Revenue,3282.84,USER_02,System_Entry
TXN-1988,04/01/2026,09:00:00,Cash,2907.1,USER_03,System_Entry
TXN-1989,27/01/2026,11:00:00,Inventory,2332.93,USER_02,System_Entry
TXN-1990,04/01/2026,10:00:00,Payroll,1026.77,ADMIN_01,System_Entry
TXN-1991,21/01/2026,16:00:00,Inventory,1854.37,USER_03,System_Entry
TXN-1992,28/01/2026,12:00:00,Cash,3411.79,USER_02,System_Entry
TXN-1993,16/01/2026,13:00:00,Revenue,4257.31,ADMIN_01,System_Entry
TXN-1994,12/01/2026,11:00:00,Payroll,4542.1,USER_03,System_Entry
TXN-1995,24/01/2026,15:00:00,Payroll,1097.45,USER_02,System_Entry
TXN-1996,24/01/2026,16:00:00,Revenue,1892.8,USER_02,System_Entry
TXN-1997,23/01/2026,14:00:00,Payroll,4271.27,ADMIN_01,System_Entry
TXN-1998,07/01/2026,12:00:00,Revenue,2698.45,ADMIN_01,System_Entry
TXN-1999,10/01/2026,13:00:00,Payroll,2909.43,USER_03,System_Entry
TXN-2000,27/01/2026,13:00:00,Revenue,623.09,ADMIN_01,System_Entry
TXN-9999,15/01/2026,10:30:00,Cash,155000,ADMIN_01,External_Transfer
TXN-9998,10/01/2026,02:15:00,Revenue,450,USER_03,Adjusting_Entry
